ID,F1,F1-inter,F1-intra,F2,F2-inter,F2-intra,F3,F3-inter,F3-intra,F4,F4-inter,F4-intra,F5,F5-inter,F5-intra,F6,F6-inter,F6-intra,F7,F7-inter,F7-intra,F8,F8-inter,F8-intra,F9,F9-inter,F9-intra,F10,F10-inter,F10-intra,F11,F11-inter,F11-intra,F12,F12-inter,F12-intra
7,-69.40829415,-69.40829415,-69.40829415,0.935414411,0.938497825,0.937957146,0.103061458,0.103463463,0.103353249,104.806835,104.806835,104.806835,63837.55789,57903.86946,60706.04035,-12.7525122,-12.7525122,-12.7525122,0.106733682,0.102585985,0.103186912,107.8171376,107.8171376,107.8171376,168.7729017,169.9107446,169.5640313,0.997640136,0.997674625,0.997665055,0.971706503,0.971947592,0.971864749,4.499663962,4.634233958,4.605658739
9,-69.91494917,-69.91494917,-69.91494917,0.921829326,0.923220268,0.923754633,0.104939614,0.105081693,0.105065138,103.5985764,103.5985764,103.5985764,6131.057075,5955.450674,5947.157278,72.19666058,72.19666058,71.43261967,0.083385389,0.082849254,0.084013425,103.6371798,103.6371798,103.6371798,358.1263861,358.5192668,356.3465426,0.995783756,0.995787494,0.99575993,0.957517994,0.957538325,0.957397746,3.34300517,3.33784643,3.344864286
14,-72.55917922,-72.55917922,-72.55917922,0.946693753,0.94710518,0.946929754,0.119846842,0.119566751,0.119878841,83.77387719,83.77387719,83.77387719,6350.5871,5845.106908,6343.424336,-44.2025959,-44.2025959,-44.2025959,0.055563437,0.059825456,0.055428569,82.50606038,83.75596994,82.50606038,248.4772766,249.3629019,248.5610003,0.997265698,0.997043891,0.997270899,0.966267992,0.965012706,0.966295198,9.067237807,8.065292977,9.091923048
15,-96.39021599,-96.39021599,-96.39021599,0.980747579,0.998382417,0.982392967,0.110111433,0.110675835,0.110289856,78.48702592,78.48702592,78.48702592,1421.889239,1335.852776,1407.522275,-2.634527106,-2.634527106,-2.634527106,0.098435707,0.099544537,0.098504895,78.48702592,78.48702592,78.48702592,105.7160995,107.4717028,105.9338738,0.995144325,0.995083845,0.995138647,0.954358318,0.954014726,0.954314297,3.709393412,3.68902849,3.706529172
17,-61.04689148,-61.04689148,-61.04689148,0.914698276,0.912275595,0.921551124,0.105334254,0.105619883,0.105310623,90.33464464,90.33464464,90.33464464,1717.838115,1728.918028,1673.78224,-29.0944832,-29.0944832,-29.0944832,0.080435614,0.080448307,0.08072219,93.85949604,93.90210326,93.85949604,164.7539928,165.2285036,165.6782319,0.994117757,0.994131551,0.994039467,0.949332289,0.949379778,0.949079114,3.164468462,3.167114153,3.178281414
19,-67.99361158,-67.99361158,-67.99361158,0.900187511,0.900787266,0.900787969,0.129229865,0.129109431,0.12919611,62.78005482,62.78005482,62.78005482,2292.009345,2344.112456,2344.365309,-19.7973661,-19.7973661,-19.7973661,0.098131663,0.09824204,0.098141801,67.09078816,65.63262039,65.63262039,95.42487395,94.45973496,94.66474381,0.994844313,0.994866255,0.994866593,0.9514682,0.951586751,0.951579815,3.084967107,3.099310302,3.101867962
20,-103.7331373,-103.7331373,-103.7331373,0.973803135,0.978107139,0.975522583,0.105400273,0.105575365,0.10553565,95.31774576,95.31774576,95.31774576,2497.504745,1755.66245,1595.808495,-6.629465165,-7.348751625,-7.348751625,0.090696502,0.09726281,0.097531391,95.3334813,95.3334813,95.3334813,140.9449572,142.1542742,141.5176708,0.996119785,0.99572409,0.995755088,0.958633379,0.956539303,0.956765553,3.375398285,3.249710179,3.19376248
21,-59.04285078,-59.04285078,-59.04285078,0.941816763,0.937923274,0.939541103,0.106855377,0.106699594,0.106767951,78.4614023,78.4614023,78.4614023,2335.000131,2294.218886,2315.967449,-18.07394396,-18.07394396,-18.07394396,0.05612737,0.055671498,0.055852837,77.13503404,78.3657556,78.3657556,146.9769342,150.2654219,149.9427083,0.996503529,0.996508284,0.996504127,0.9624293,0.962401077,0.962387789,3.750314211,3.773204055,3.770452755
23,-87.11176354,-87.11176354,-87.11176354,0.963362155,0.95943748,0.963634808,0.092818577,0.092971694,0.092956108,93.86746232,93.86746232,93.86746232,28835.62289,24932.52449,25062.43547,-14.57165951,-14.17198952,-14.67157701,0.151900315,0.161985035,0.162418774,86.52020173,86.52020173,86.52020173,115.2250561,115.5731693,115.7701286,0.996910822,0.996952839,0.996956113,0.963842723,0.964013564,0.964017226,3.187256813,3.103223517,3.097954878
25,-58.44899364,-57.76831196,-58.44899364,0.949181624,0.947307386,0.950903041,0.110190628,0.110533732,0.110136727,93.87547601,93.87547601,93.87547601,5000.271441,4833.537964,5003.780088,2.131675273,4.173720293,2.131675273,0.084877297,0.085926529,0.084582359,93.87547601,93.87547601,93.87547601,106.0920749,106.645203,106.8498084,0.996557302,0.996336382,0.996566093,0.962660219,0.961538373,0.96269024,3.149849615,3.100278867,3.159855388
27,-83.23577063,-83.23577063,-83.23577063,0.947719107,0.947316721,0.946979634,0.105925661,0.105752176,0.105814142,108.0393491,108.0624864,108.0624864,12728.09907,12626.45822,12568.11913,8.281337306,8.281337306,8.281337306,0.129381155,0.129233611,0.129718015,108.1364923,108.1364923,108.1364923,153.2348954,153.1478617,153.3595846,0.995336945,0.995319479,0.995327967,0.957033822,0.956960111,0.956989397,3.458129618,3.476572927,3.453483677
28,-63.9330121,-63.9330121,-63.9330121,0.959616941,0.961718257,0.961108228,0.106908534,0.107167046,0.107044394,90.40103994,90.40103994,90.40103994,2084.950106,1887.744524,2126.524913,3.953881167,3.953881167,3.953881167,0.158867847,0.156224364,0.158572205,92.21898209,92.21898209,92.21898209,133.118159,134.0269998,133.6927318,0.993947496,0.993977725,0.993961758,0.946225096,0.946316779,0.94625869,2.560322219,2.568799846,2.570158125
29,-55.81756516,-55.81756516,-55.81756516,0.913975718,0.916440008,0.914793858,0.088139752,0.088010256,0.088364537,81.46447304,81.46447304,81.46447304,6464.951013,5841.196805,5870.96012,5.59460195,5.59460195,5.59460195,0.233706228,0.244530686,0.246622475,74.38172405,74.38172405,74.38172405,71.66953482,71.81530055,71.76789116,0.991321802,0.990378978,0.99043352,0.936563784,0.933315454,0.933566137,2.498047306,2.506713895,2.486849749
30,-50.80165218,-85.59244474,-90.93433482,0.943140212,0.941263372,0.947947104,0.098395874,0.084010131,0.082207839,64.97314332,83.37137788,83.37137788,-1736.453509,8128.547517,6121.48029,84.53618038,39.0516571,37.27102708,0.147019416,0.126845198,0.121507111,69.25965297,86.64038218,86.64038218,66.43829517,80.52426938,79.39235466,0.995180879,0.995482574,0.995572883,0.95375308,0.955598149,0.956249132,3.446168563,3.632534772,3.861409491
31,-69.31355119,-69.31355119,-69.31355119,0.932235819,0.933979968,0.93335865,0.118754495,0.119107665,0.119008555,100.124922,100.019998,100.124922,57231.34268,57309.09146,57285.60896,-3.112280602,-3.112280602,-3.112280602,0.15217724,0.151334567,0.151453217,101.5821904,101.5821904,101.5821904,163.5269725,163.2595052,163.3924209,0.996683593,0.996706277,0.996704012,0.962777395,0.962850446,0.962844465,3.670888136,3.673725639,3.673906304
32,-83.3505784,-83.3505784,-83.3505784,0.833375597,0.841134124,0.838875068,0.084703885,0.084954304,0.085022913,106.2547058,106.2547058,106.2547058,14147.97088,13868.68463,13930.05135,-38.22108654,-38.22108654,-38.22108654,0.097129037,0.095685874,0.09633673,99.68965637,99.68965637,99.68965637,204.0535402,205.7116036,204.0069051,0.996322696,0.996321391,0.99631342,0.963281764,0.963237446,0.963217174,4.263708597,4.353335958,4.321462936
33,-55.99603539,-55.99603539,-55.99603539,0.984526537,0.982874693,0.98238352,0.109175483,0.109596204,0.109322716,101.7109169,101.7109169,101.7109169,13460.86436,13661.6477,13608.39834,-3.170300775,-3.170300775,-3.170300775,0.090618134,0.089842834,0.089676496,108.3748613,108.3748613,108.3748613,155.2680478,155.6415276,155.4924559,0.997136927,0.997225981,0.997224899,0.964450678,0.964821508,0.964814349,3.481925551,3.538116869,3.537496461
35,-24.07254013,-24.07254013,-24.07254013,0.978558386,0.975304756,0.978289273,0.116620436,0.116452316,0.116486049,70.35245075,70.35245075,70.35245075,2904.636083,2946.27756,2940.276591,42.11926366,42.11926366,42.11926366,0.066312223,0.064406435,0.065222888,75.21889766,73.58487311,75.21889766,110.8132946,112.5404814,111.2777778,0.994404795,0.994448484,0.994396211,0.952599962,0.952854326,0.952621605,6.511833385,6.784461724,6.660964413
37,-69.35078403,-68.53766193,-68.53766193,0.966286579,0.963913836,0.965224901,0.130533657,0.130608274,0.131245108,83.32523324,83.32523324,83.32523324,14683.74423,15150.24829,15045.69746,10.33518196,11.96142617,10.33518196,0.170419314,0.166771244,0.167130695,83.28321857,83.28321857,83.28321857,101.6136092,101.0204248,101.5358079,0.994606811,0.994681357,0.994660963,0.949511421,0.949866108,0.949726718,2.812666631,2.889720122,2.878612947
38,-54.08741007,-54.08741007,-54.08741007,0.967766311,0.969151727,0.968170593,0.109573845,0.109845067,0.109866947,101.6666642,101.6666642,101.6666642,16517.59412,12969.67806,15008.14882,22.15650512,22.15650512,22.15650512,0.077195978,0.073121919,0.073726629,108.3748613,108.3748613,108.3748613,218.6394644,221.4131307,220.50207,0.996169984,0.996347909,0.996286115,0.96297732,0.963700546,0.963496358,6.623447913,6.58616067,6.952419916
40,-64.62573564,-64.62573564,-64.62573564,0.921262548,0.925541985,0.921823005,0.097473712,0.098077662,0.097743442,75.72953938,75.72953938,75.72953938,6785.036526,3778.189706,5114.936315,33.6712216,33.1398867,33.6712216,0.070011356,0.061735691,0.064292126,74.38172239,74.38172239,74.38172239,161.8390533,164.9553571,163.2664263,0.995759608,0.996083967,0.995953796,0.960475205,0.961624292,0.961072421,5.536980285,5.070764265,5.309921065
41,-67.67426143,-67.67426143,-67.67426143,0.992509012,0.989567605,0.98530313,0.103585778,0.103268029,0.103507963,70.31961075,75.00666637,70.31961075,4841.257435,6287.525776,6315.347147,43.45071005,47.59716421,47.59716421,0.112973525,0.108773547,0.109306067,67.25444339,67.25444339,67.25444339,100.9959724,103.6733871,102.6071947,0.994111749,0.994131527,0.994114804,0.95543946,0.955422768,0.955404057,5.478498955,5.646620737,5.626747856
42,-61.70132486,-61.70132486,-61.70132486,0.93784026,0.93649579,0.937961817,0.10888248,0.108895726,0.108955366,112.9614708,112.9614708,112.9614708,1212.521855,1228.46191,1220.515191,-20.74035169,-21.23385739,-20.74035169,0.044639853,0.044500563,0.044610087,112.895057,112.895057,112.895057,314.2275425,313.2284957,313.852914,0.997235182,0.997251428,0.997242544,0.964863988,0.964941084,0.96490642,3.370426227,3.406409178,3.382919617
43,-49.46014489,-50.41022147,-50.41022147,0.891641733,0.889985202,0.88994003,0.137252269,0.137016674,0.137075127,92.43019343,92.52210902,92.43019343,12792.09759,12769.75243,12776.32129,17.04521548,17.04521548,17.04521548,0.037305539,0.036834248,0.036588195,109.8645102,109.9054622,109.9054622,217.9576111,218.9000145,218.4378268,0.999172252,0.999158163,0.999180052,0.98297675,0.982982102,0.983068375,6.693784615,6.683844559,6.687865724
45,-71.28462761,-71.28462761,-71.28462761,0.971424836,0.968834496,0.967921622,0.114583609,0.114291653,0.114278033,95.67204939,95.67204939,95.67204939,16390.90598,16280.32799,16289.53819,-11.55161638,-11.12495201,-11.55161638,0.123281732,0.124140925,0.124200408,102.7278064,102.7278064,102.7278064,124.1645299,124.8685562,124.879292,0.995457646,0.995416488,0.995417181,0.954794313,0.954607691,0.954603715,3.746631534,3.741604724,3.74041228
47,-73.88182193,-73.88182193,-73.88182193,0.973164621,0.968758416,0.974157418,0.099496314,0.099629268,0.099454052,94.34458455,94.34458455,95.64591275,18392.02676,18449.91539,18338.95284,-32.06287054,-32.06287054,-32.06287054,0.079868576,0.079275226,0.080129453,100.9820722,100.9820722,100.9820722,154.0740861,154.3457249,154.2717883,0.997616127,0.997633999,0.997610245,0.968806771,0.968976535,0.968760601,4.956229574,4.979236556,4.947507493
48,-78.85452001,-81.29990109,-81.29990109,0.951813567,0.953197074,0.951639807,0.091194404,0.091329268,0.091179748,95.67204939,95.67204939,95.67204939,876.940325,1354.1266,1336.647941,2.157071269,1.825904574,1.186475299,0.127566037,0.120137177,0.121030241,95.64591489,95.64591489,95.64591489,171.0055921,167.1814551,167.1291056,0.994560994,0.994620896,0.994603633,0.949810631,0.950315937,0.950250341,2.992939514,3.050014873,3.045430405
49,-65.00930145,-65.6445102,-65.6445102,0.943967321,0.946872373,0.946638299,0.076826066,0.076867371,0.076865877,91.89676863,93.35476199,93.35476199,8851.862574,8925.757385,8848.281807,1.052407945,0.417199201,0.417199201,0.094274198,0.096178415,0.096336621,91.89676863,91.89676863,91.89676863,100.5966718,101.3820663,101.3386748,0.997499826,0.997445362,0.997441527,0.965661068,0.965350707,0.965339132,3.085356022,3.093657484,3.082754843
51,-23.06999397,-52.24561644,-23.06999397,0.922794727,0.932452733,0.923140557,0.097078802,0.096411355,0.096789126,96.44748713,96.44748713,96.44748713,736.1474384,728.6314214,775.0233455,103.6930554,102.6869995,103.6930554,0.097314742,0.094534743,0.097325957,96.46303838,98.08201603,96.46303838,115.4182977,115.96018,115.4721969,0.995253064,0.995564963,0.995209767,0.954920482,0.956818318,0.954761375,3.013992202,3.101071518,3.03940547
52,-70.70714859,-70.70714859,-70.70714859,0.89679113,0.899231291,0.898129678,0.088893975,0.088982865,0.088978086,86.7269037,86.7269037,86.7269037,4301.52135,4378.087513,4176.676621,30.37540423,30.37540423,30.37540423,0.211069238,0.210501746,0.20994504,93.17843842,93.17843842,93.17843842,108.1266404,108.25625,108.4513536,0.992280739,0.992246969,0.992265145,0.93879631,0.938663676,0.938755808,2.604204756,2.627834664,2.614535946
53,-77.35950618,-77.35950618,-77.35950618,0.980005527,0.971580417,0.978956369,0.076207648,0.075751421,0.07576441,88.35596984,88.35596984,88.35596984,20815.06916,24554.21764,23444.12057,40.708389,42.01300663,42.01300663,0.268940352,0.274912507,0.271621914,78.43539264,78.43539264,78.43539264,64.99958246,65.0122518,65.06373997,0.993116147,0.99304071,0.9930582,0.945868674,0.94547621,0.945579523,2.635849723,2.669610607,2.673140774
54,-104.7969185,-104.7969185,-104.7969185,0.962436682,0.968317924,0.968041856,0.135951769,0.135956916,0.136050921,65.58947929,65.58947929,65.58947929,-2482.63416,-2337.484943,-2380.763077,-32.58469778,-31.08027652,-31.83248715,0.228919419,0.226148761,0.227121706,67.41044879,67.41044879,67.41044879,72.38495822,72.38586652,72.43791946,0.991545517,0.991553688,0.991560444,0.937582339,0.937600677,0.937615352,2.246293828,2.270546011,2.263378173
55,-48.48252,-48.48252,-48.48252,0.920868881,0.918926415,0.918696123,0.115422373,0.11515215,0.115267533,103.1686271,101.3289815,101.3289815,5788.718712,5812.812095,5773.988695,-12.05389963,-12.05389963,-12.05389963,0.07330182,0.072577502,0.072928586,108.7913714,108.7913714,108.7913714,125.442029,127.3421687,126.2562183,0.997039585,0.997041305,0.997044232,0.964906158,0.964881757,0.964903237,3.789290677,3.843275696,3.807027888
56,-80.55243736,-80.55243736,-80.55243736,0.946849047,0.945382469,0.943001875,0.071875143,0.071861424,0.071863682,93.75,93.75,93.75,11336.51118,9919.137786,9946.740584,-8.490166785,-7.91366862,-8.490166785,0.158231475,0.162894738,0.161387288,90.00555538,90.00555538,90.00555538,69.73817836,69.86934189,70.06700866,0.994755897,0.994929939,0.994986566,0.953387507,0.953857119,0.954063819,3.656541349,3.569940623,3.582729671
57,-82.8322567,-82.8322567,-82.8322567,0.860723027,0.865655672,0.862768024,0.117939594,0.118357448,0.118275996,78.77539488,78.77539488,78.77539488,7594.832865,7516.991626,7587.327303,-26.18388136,-26.18388136,-26.18388136,0.068782215,0.069303098,0.068765411,78.80712428,78.80712428,78.80712428,115.8760945,115.8778424,115.4601864,0.996963043,0.996945328,0.996962685,0.965239681,0.965119902,0.965258617,4.899898123,4.85598244,4.897088721
58,-58.26755682,-58.26755682,-58.26755682,0.904549202,0.906083582,0.903700675,0.145075577,0.145408033,0.144955849,57.01548738,57.01548738,57.01548738,2832.353564,2449.270548,2569.534804,-43.68118139,-43.68118139,-43.68118139,0.132197932,0.124152402,0.128432743,64.29122285,64.29122285,64.29122285,114.0026346,114.280916,114.2425274,0.989009131,0.989026835,0.98899347,0.935396287,0.935495728,0.935400281,3.444499883,3.415443626,3.343502909
59,-65.22415769,-65.22415769,-65.22415769,0.966398211,0.966914192,0.966088621,0.116557031,0.117170843,0.11617797,60.24154352,60.24154352,60.24154352,541.7598947,498.8832532,501.3350711,-9.679710726,-9.545868685,-9.345105624,0.188245083,0.186887642,0.187694107,65.58947929,65.58947929,65.58947929,48.72189734,49.64372212,49.20025674,0.987210006,0.987242372,0.987223141,0.929216899,0.92912706,0.929171029,3.870555266,3.868854603,3.861833801
60,-8.615143863,-8.615143863,-8.615143863,0.923038974,0.927354514,0.923820293,0.102638072,0.102649482,0.102642118,73.56448567,73.56448567,73.56448567,9626.192816,9734.460646,9728.763798,85.98457096,85.98457096,85.98457096,0.160515486,0.161820648,0.161110492,80.1211159,80.1211159,80.1211159,86.06536136,86.45924225,86.16397229,0.992633536,0.992545458,0.992590226,0.942936698,0.94264866,0.942787348,3.280525921,3.287980923,3.306080618
61,-59.23204399,-59.23204399,-59.23204399,0.956946625,0.96090085,0.957511093,0.107624107,0.107480735,0.10724168,64.91155023,64.91155023,64.91155023,6150.103068,6405.005103,6433.899776,72.87576556,73.97666398,73.97666398,0.212297029,0.210926915,0.210355147,64.93465448,64.93465448,64.93465448,74.2886623,74.67823344,74.33642126,0.992573902,0.992543965,0.992571692,0.942928301,0.942810155,0.942954972,2.372746434,2.358819447,2.35618755
62,-80.12718453,-80.12718453,-80.12718453,0.880480653,0.885861145,0.87969338,0.069006159,0.070515096,0.069806239,67.30646445,67.30646445,67.30646445,7675.927089,4500.592465,8094.539515,18.11339485,16.07732066,16.07732066,0.173972965,0.163907032,0.177285994,76.58861799,76.58861799,76.58861799,56.99826011,57.28316213,56.28209607,0.992278889,0.991954516,0.991961627,0.94232952,0.941470134,0.941389654,3.362106402,3.366679196,3.373359245
63,-57.55002589,-57.55002589,-57.55002589,0.923028919,0.92386839,0.925462385,0.110386164,0.111112347,0.110206256,65.63261861,65.63261861,65.63261861,38977.92282,36498.59461,32843.84546,-17.98996549,-17.98996549,-17.24354926,0.195266632,0.218678751,0.210554836,62.5,62.5,62.5,62.07173272,64.20523201,63.0703354,0.994242268,0.992990721,0.993229583,0.951859786,0.946921704,0.947853249,5.002460028,4.613477228,4.560815714
64,-70.66550154,-70.66550154,-70.66550154,0.921941807,0.922336396,0.921990197,0.134145826,0.133710828,0.134337616,86.86298323,86.86298323,86.86298323,7817.25989,8076.940049,7746.374989,31.73534119,31.73534119,31.73534119,0.153439702,0.153720066,0.153759547,92.13219122,92.13219122,92.13219122,176.7898687,176.4672243,176.5472052,0.994397495,0.99437803,0.994397415,0.950593122,0.950473456,0.950577478,2.618828343,2.634987908,2.617457181
65,-49.22015862,-49.22015862,-49.22015862,0.924063311,0.928467736,0.924824479,0.138427009,0.139131088,0.138615638,70.31961075,70.31961075,70.31961075,14678.15744,14494.63956,14336.72211,15.96567174,15.96567174,15.96567174,0.133957296,0.130708511,0.131631689,73.4443082,73.4443082,73.4443082,103.4776185,102.9844202,103.6283694,0.995922761,0.996021923,0.995960515,0.95724257,0.957605495,0.957340376,3.085151189,3.142767269,3.10797909
66,-51.58868071,-51.58868071,-51.58868071,0.946094611,0.946667357,0.946622746,0.123026295,0.122645073,0.122528325,68.43117904,68.43117904,68.43117904,2668.301625,2334.986353,2334.433192,29.88386301,29.88386301,29.88386301,0.088047941,0.09236074,0.092322253,68.48230622,68.48230622,68.48230622,101.4144527,102.0428571,102.0543245,0.994934743,0.993892801,0.993893155,0.952040847,0.94734182,0.947349476,3.775133908,3.481397471,3.483677452
67,-84.85010674,-84.85010674,-84.85010674,0.88399557,0.885723061,0.884129407,0.103084722,0.103324685,0.103068826,72.79332913,72.79332913,72.79332913,-581.1327761,-171.9254379,-145.2728349,-21.24385966,-20.57432022,-21.37776755,0.230322203,0.226098867,0.227202294,72.79332913,72.79332913,72.79332913,82.81544084,82.15500813,82.31251446,0.991275926,0.991329342,0.991331291,0.937535484,0.937725653,0.937706851,1.984995784,2.002582357,2.001772479
68,-72.80109904,-72.80109904,-72.80109904,0.933707634,0.933466163,0.933463397,0.165132642,0.164842114,0.165097225,66.2294237,66.2294237,66.2294237,11378.07851,10785.00464,11428.25557,-5.001657654,-5.001657654,-5.001657654,0.071051547,0.072826186,0.073091566,71.62785123,71.62785123,71.62785123,224.8308257,225.4154303,224.8476461,0.997485593,0.99752188,0.997471692,0.968542102,0.968701351,0.968479495,6.412729244,6.296531077,6.360340874
70,-15.62677794,-15.62677794,-15.62677794,0.971472632,0.973236069,0.971888794,0.112862899,0.112586602,0.112852334,63.46941757,63.46941757,63.46941757,6966.853675,5559.756906,5506.463303,93.61905514,93.36558453,93.36558453,0.159692318,0.150670377,0.152015562,59.14307082,59.14307082,59.14307082,54.70604396,55.49072356,55.3373494,0.992692124,0.992368667,0.992294059,0.941471259,0.940263807,0.940065817,3.165269893,3.115868725,3.099101485
95,-69.72632247,-69.72632247,-69.72632247,0.924873171,0.919879023,0.924463391,0.141099938,0.141939012,0.141221352,60.09195951,60.09195951,60.09195951,14081.19831,13772.69071,13744.21511,6.552875398,5.705328755,5.705328755,0.210116115,0.199114843,0.20338334,59.86688231,59.86688231,59.86688231,81.15221774,81.04638904,81.0917999,0.991071726,0.991200638,0.991188675,0.937659251,0.938199528,0.938075911,3.235539364,3.527016727,3.34192494
96,-62.34952291,-62.34952291,-62.34952291,0.934535362,0.935341924,0.93559743,0.130105153,0.129791342,0.130445568,63.75784409,63.75784409,63.75784409,163.6511635,143.9141919,153.8369626,-27.48638225,-27.48638225,-27.48638225,0.059134355,0.057022016,0.057932648,70.86156459,70.86156459,70.86156459,94.11926606,94.16976456,94.25693161,0.990835879,0.991027363,0.990918936,0.938249559,0.938785087,0.938485904,3.71237836,3.710779302,3.722602055
97,-64.68613741,-64.68613741,-64.68613741,0.928219391,0.927302146,0.926847672,0.110527354,0.110349996,0.110128775,72.66612178,72.66612178,72.66612178,34668.63448,32441.68705,32483.53893,39.49685907,39.49685907,39.49685907,0.232379007,0.21437405,0.220694854,81.45833516,81.45833516,81.45833516,76.9891492,77.62183187,77.37684053,0.99167979,0.992054584,0.991885965,0.942077281,0.943082267,0.942697008,3.592675019,3.728493007,3.626948008
98,-61.04368842,-61.04368842,-61.04368842,0.886122559,0.897045648,0.887945252,0.131642565,0.132302149,0.131756948,65.55135234,65.55135234,65.55135234,157272.2495,157156.4396,156999.1783,-9.080575485,-9.080575485,-9.080575485,0.359908073,0.356302876,0.358863536,70.89683587,70.89683587,70.89683587,49.86666667,49.9301188,49.96075026,0.991972353,0.992058965,0.991955249,0.941401536,0.941643342,0.941337969,5.101186094,5.210206594,5.141814856
99,-59.01517328,-59.01517328,-59.01517328,0.934218889,0.935923199,0.935680769,0.09567297,0.095953508,0.095950522,90.45080443,90.45080443,90.45080443,5003.30589,4460.14167,4909.628887,-28.92930719,-28.92930719,-28.92930719,0.092865953,0.097387095,0.090364372,106.3252698,106.3252698,106.3252698,139.7834811,140.4104073,140.2661499,0.994285921,0.993328727,0.994415322,0.950246523,0.946342956,0.950667456,5.11671094,4.92145705,5.219070934
100,-90.93024254,-90.93024254,-90.93024254,0.90767754,0.912560074,0.911070808,0.08339051,0.083559407,0.083561306,71.15701855,71.15701855,71.15701855,2996.099949,2443.000131,2552.623759,10.32695758,13.76773622,13.27619642,0.119469001,0.116392895,0.116794214,80.94367737,80.9375,80.9375,161.7784144,164.0073187,163.3975437,0.995022452,0.994937355,0.994927012,0.955460735,0.955146546,0.955125267,3.346287785,3.263475412,3.264302519
101,-66.4387618,-66.4387618,-66.4387618,0.887842456,0.88018133,0.881303691,0.155926856,0.154950225,0.154950087,76.62125297,76.62125297,76.62125297,10881.12099,9826.280378,9866.969393,-34.4351636,-34.4351636,-34.4351636,0.055896923,0.05185747,0.052058426,72.36045299,72.36045299,72.36045299,214.0585604,217.1410112,215.4584568,0.997349039,0.997419206,0.99741383,0.969027999,0.96931228,0.969303223,7.257709728,7.280486781,7.257924982
102,-72.73712188,-72.73712188,-72.73712188,0.953762881,0.954637426,0.954659347,0.083989416,0.084207834,0.084117379,88.29188136,88.29188136,88.29188136,2189.789323,1803.102167,1790.688033,47.72950413,47.72950413,47.72950413,0.082318437,0.089731314,0.090679236,88.32019199,88.32019199,88.32019199,145.6176859,146.7257673,146.0907886,0.995256129,0.995108631,0.995045235,0.955354939,0.954575922,0.95442358,3.569344381,3.408674005,3.413252594
104,-56.14708142,-56.14708142,-56.14708142,0.971286428,0.975415443,0.974369405,0.103923799,0.10411657,0.104014508,73.58487776,73.58487776,73.58487776,512.7560431,439.9595103,437.8256269,39.83791479,39.83791479,39.83791479,0.140410633,0.137711403,0.138372915,75.16648284,75.16648284,75.16648284,114.7819245,114.9405221,114.9021518,0.99229804,0.992356731,0.99233503,0.940584297,0.940773098,0.940677875,2.703056197,2.731581131,2.720599003
105,-85.24180878,-88.79269382,-88.79269382,0.790486895,0.799056712,0.799508599,0.113774683,0.113990785,0.11369431,63.40434464,65.0076903,65.0076903,1355.880078,144.5518891,1237.19691,-39.08030322,-38.82666857,-39.08030322,0.148558687,0.158010879,0.151591223,80.02499419,80.02499419,80.02499419,80.84507513,84.52020692,82.26271186,0.992522868,0.992321461,0.992383715,0.943469827,0.94276117,0.942916252,3.330302257,3.069128955,3.294607224
106,-90.93433482,-50.80165218,-50.80165218,0.950638204,0.943185405,0.943384624,0.082917247,0.097688039,0.0982727,83.37137788,64.97314332,64.97314332,6223.476737,-1611.304742,-1766.940024,37.27102708,87.54368777,85.58880797,0.120043174,0.146909588,0.147581847,86.64038218,69.25965297,69.25965297,78.2319869,66.43622449,66.49048223,0.995728435,0.995145534,0.995160548,0.956950796,0.953597055,0.953655871,3.908310243,3.444429645,3.438540535
107,-49.9845691,-49.9845691,-49.9845691,0.952977568,0.952767219,0.952678359,0.155118289,0.155052283,0.155309765,76.15240111,76.15240111,76.15240111,12041.52773,9473.535104,10173.53952,47.06095607,47.06095607,47.06095607,0.199947559,0.194891885,0.199296026,69.24326047,69.24326047,69.24326047,90.53168539,91.43515982,91.09709619,0.992568833,0.992655864,0.992659076,0.943575765,0.943913177,0.943865385,3.42490283,3.42794674,3.393208802
108,-53.98158279,-53.98158279,-53.98158279,0.933217322,0.933669232,0.933868696,0.107202906,0.10738117,0.107355019,75.00666732,75.00666732,75.00666732,644.1673747,462.8195864,446.7518073,49.07829092,48.63214428,48.63214428,0.155533216,0.153277231,0.153298725,79.3521322,79.3521322,79.3521322,135.9227787,136.2327698,136.2530042,0.993705276,0.993732602,0.99373541,0.94520528,0.945290047,0.945304689,2.647512054,2.65171638,2.64840227
109,-86.58387937,-86.58387937,-86.58387937,0.945396107,0.945136067,0.944218647,0.129829768,0.130074103,0.129921892,61.32342704,61.32342704,61.32342704,11966.14281,10503.71364,10330.92941,-4.726032119,-5.346167325,-5.160126763,0.197524233,0.210366194,0.210103167,64.19782968,64.19782968,64.19782968,74.41819132,74.58495529,74.64070286,0.99257688,0.992630972,0.992642803,0.941655093,0.941832536,0.9418445,3.20022385,3.127427765,3.114389099
110,-59.06847641,-59.06847641,-59.06847641,0.957272497,0.959015431,0.95883146,0.097117408,0.097382186,0.09720174,89.57289434,89.57289434,89.57289434,1025.141146,509.9701621,346.9284338,72.65095885,71.76693579,72.65095885,0.154552684,0.154999514,0.154868567,93.46689272,93.46689272,93.46689272,212.5778494,212.7550706,213.0631723,0.995423465,0.994838092,0.994842777,0.954043447,0.951338891,0.951351507,2.353483928,2.332037279,2.325396448
112,-78.45924428,-78.45924428,-78.45924428,0.940767807,0.950600498,0.949125228,0.127127432,0.127735835,0.127854332,90.40103994,90.40103994,90.40103994,8216.804658,6900.448512,7390.992661,16.98093697,19.36978536,19.36978536,0.170677951,0.179280565,0.170320234,90.31803819,90.31803819,90.31803819,110.5801454,111.1288049,110.9881751,0.994593605,0.994636677,0.994610819,0.948835392,0.948920216,0.948851733,2.960220087,2.909524141,2.944165419
113,-82.66560982,-82.66560982,-82.66560982,0.98049941,0.984757771,0.984471067,0.127601089,0.128635427,0.128720889,74.43548128,74.40188757,74.40188757,6049.87768,5728.175048,5772.538934,-32.74468603,-32.04157442,-32.04157442,0.222042946,0.224471543,0.224393675,74.38172405,74.38172405,74.38172405,65.66431345,66.31797557,66.23356643,0.99091029,0.990802879,0.990808771,0.936318339,0.936093712,0.936118396,2.95304334,2.954272767,2.953174979
114,-63.84802907,-63.84802907,-63.84802907,0.877428006,0.884339361,0.883863676,0.162925269,0.163573902,0.163456805,73.76340404,73.76340404,73.76340404,8228.93963,7575.096671,7919.02126,-10.23103658,-10.71407254,-10.02402116,0.126844703,0.126837544,0.129230001,67.31999451,68.94905675,68.94905675,104.0538841,104.9586052,104.7309417,0.994561929,0.994640431,0.994573792,0.951014133,0.951265627,0.951039866,4.010736339,4.022853535,4.028850068
115,-78.94452963,-78.94452963,-78.94452963,0.981503937,0.981407432,0.98188733,0.124688008,0.124744277,0.124809268,90.00555324,89.99999785,89.99999785,-1806.667603,-1833.364275,-1825.64448,35.04067386,35.04067386,35.04067386,0.093170754,0.092465059,0.092380451,88.33899142,88.33899142,88.33899142,213.2139898,213.5355138,213.3725873,0.9958193,0.99585801,0.995861803,0.956769586,0.956901947,0.956925517,3.411594466,3.417529115,3.418860237
118,-74.23839346,-74.23839346,-74.23839346,0.936178364,0.950543369,0.947671416,0.100448093,0.100727571,0.100650378,90.02221733,90.02221733,90.02221733,3064.247451,3198.81686,3213.467168,25.10798051,26.77766746,26.77766746,0.162213885,0.161587331,0.159799785,88.35596984,90.02221733,88.38425994,135.421875,136.6896716,136.5105163,0.993863471,0.993799141,0.993873752,0.947366434,0.947231446,0.947455154,2.662427544,2.6750179,2.675118087
119,-65.56610309,-65.56610309,-65.56610309,0.940799678,0.943923474,0.943227753,0.11097654,0.111205399,0.111156545,106.8056992,106.8056992,106.8056992,76505.27395,75206.1329,75223.72885,-36.08683506,-36.08683506,-36.08683506,0.100399722,0.09824355,0.098232038,105.3074566,105.3074566,105.3074566,275.2464986,276.9625088,276.5127126,0.997395389,0.997472148,0.997471998,0.971193724,0.971473603,0.971479388,9.039738901,9.192320906,9.185961391
120,-73.23993027,-73.23993027,-73.23993027,0.967840216,0.97234384,0.971515337,0.094129614,0.094230836,0.094237146,72.31460816,72.31460816,72.31460816,1757.301654,-312.1687106,-67.54858631,18.47096997,18.47096997,18.47096997,0.157728267,0.173939448,0.170604527,72.31460816,72.31460816,72.31460816,60.64849833,61.76137625,61.5650723,0.993517934,0.992792458,0.992796633,0.95015337,0.946986375,0.947018217,4.259436138,3.879988456,3.897598907
121,-78.11312305,-77.22776424,-78.11312305,0.900223744,0.889636495,0.898101224,0.096110126,0.096790467,0.095793624,67.25444339,67.25444339,67.25444339,1372.457607,2936.356351,1390.37662,-5.513700295,-0.20154741,-5.513700295,0.140063002,0.147578915,0.140742909,70.31961075,70.31961075,70.31961075,67.71176471,68.48059224,67.88508149,0.992726294,0.992210503,0.992678504,0.942777199,0.9407692,0.94259547,4.071480317,3.930865669,4.047278277
122,-83.39643954,-83.39643954,-83.39643954,0.837031451,0.831332326,0.834095757,0.088091834,0.086064102,0.087235893,83.36538041,83.36538041,83.36538041,3144.17465,3563.874576,3129.640336,-10.69783984,-3.586020307,-10.69783984,0.158585667,0.15114041,0.15766106,88.29188136,88.29188136,88.29188136,92.48211068,92.1175853,92.184,0.993818857,0.993881839,0.993852149,0.949272296,0.949567244,0.949364168,3.064447763,3.106387183,3.05948904
123,-71.12717242,-71.12717242,-71.12717242,0.96767629,0.966925466,0.965230656,0.125140038,0.125536565,0.125182661,72.09666061,72.09666061,72.09666061,21689.82522,21127.47315,21168.21848,54.50905141,54.78020873,54.50905141,0.155196907,0.151921171,0.153697773,75.25212665,75.25212665,75.25212665,86.11225928,86.57605867,86.26942149,0.995224751,0.995273644,0.99522977,0.95484249,0.955107794,0.954911033,3.673911306,3.749569965,3.723524622
124,-73.44729653,-73.44729653,-73.44729653,0.937042886,0.939120546,0.936408955,0.096762213,0.096980832,0.096839493,93.17307222,93.17307222,93.17307222,4655.972045,3676.163744,4603.48103,27.06494896,27.06494896,27.06494896,0.104263714,0.109067523,0.103154733,101.3658812,101.3658812,101.3658812,135.3144865,135.8562732,135.5237695,0.99622543,0.99626,0.996249441,0.959308489,0.959332053,0.959448797,4.210339874,4.084514182,4.256528127
125,-55.10215204,-55.10215204,-55.10215204,0.959100984,0.960404586,0.959838751,0.095369963,0.09534578,0.095414959,102.1153803,102.1153803,102.1153803,6843.84722,6849.229075,6803.404951,34.02247676,34.02247676,34.02247676,0.09667396,0.096072401,0.096137401,103.8509641,103.8509641,103.8509641,176.7762682,176.8782079,176.9452729,0.995340063,0.995353075,0.995356116,0.956270295,0.956332905,0.956337993,3.797637574,3.833816556,3.813991925
126,-85.35414706,-85.35414706,-85.35414706,0.980326177,0.979748638,0.979306219,0.12407489,0.123299936,0.123448384,86.82268053,86.82268053,86.82268053,4665.724934,4622.551604,4513.585885,1.043710863,1.656461628,0.430960098,0.109097924,0.106348683,0.107095043,85.00588406,85.0940675,85.0940675,143.8188577,144.726893,144.5650443,0.994725221,0.994781545,0.994791295,0.952448907,0.952510705,0.952558415,4.293939381,4.315902287,4.289763653
127,-69.59135166,-54.634641,-69.59135166,0.979037774,0.976369304,0.980377433,0.117648622,0.117632342,0.117860398,62.18052165,62.10810956,62.10810956,1252.526004,924.5159526,1139.235857,-1.606303206,-0.926452721,-0.926452721,0.054486886,0.069189729,0.054572341,65.55135234,65.55135234,65.55135234,99.9597831,101.189608,100.6197374,0.996837121,0.992620239,0.996924624,0.964393699,0.945907453,0.964693171,5.924307825,4.469207216,5.818594753
128,-69.78635392,-69.78635392,-69.78635392,0.928201842,0.929269201,0.928999558,0.103633874,0.103994425,0.10395862,110.0045427,110.0045427,110.0045427,10658.36328,10701.67245,10875.65435,63.39586537,63.39586537,63.39586537,0.191117146,0.189139701,0.189635707,100.2446982,100.0799656,100.0799656,126.0421038,125.6233691,125.5385507,0.993759761,0.993812633,0.993793808,0.949544495,0.949808364,0.949746426,2.803583753,2.800904333,2.806075169
129,-80.25231613,-80.25231613,-80.25231613,0.947185519,0.962490482,0.947788952,0.088789674,0.08891848,0.088772252,78.35885922,78.35885922,78.35885922,15153.57276,12982.40443,13847.42801,-49.61680567,-49.61680567,-49.61680567,0.283439515,0.296631615,0.277206557,80.00624785,78.33971418,78.33971418,78.90891089,80.17564534,79.07718696,0.988899726,0.987139613,0.989107214,0.930042307,0.92474084,0.930516304,3.161789847,3.02675358,3.144223655
130,-58.63001316,-58.63001316,-58.63001316,0.913630323,0.916726391,0.909597838,0.101160073,0.100289742,0.10083147,77.78514427,77.78514427,77.78514427,149.6482343,11.73662883,65.57791128,-14.54168999,-14.54168999,-14.54168999,0.126314634,0.12696928,0.125353305,81.84262088,81.84262088,81.84262088,68.69090034,70.50351947,69.84501669,0.991773069,0.991623105,0.991731703,0.939028778,0.938239173,0.938767757,2.760437923,2.744264428,2.765959187
131,-74.12828818,-74.12828818,-74.12828818,0.900530466,0.903935397,0.900127464,0.106984027,0.107078858,0.107070096,78.28483649,78.28483649,78.28483649,3556.098243,2686.952264,2994.077123,21.86652405,21.64710733,21.31798226,0.193655174,0.19703596,0.189384746,71.9028207,71.9028207,71.9028207,86.33560643,87.31761544,86.59127665,0.9917306,0.991598018,0.991778285,0.938512603,0.937966348,0.938679266,3.126203013,3.099922406,3.126237945
132,-94.28453136,-94.28453136,-94.28453136,0.886668009,0.891425297,0.890634333,0.121705026,0.121413224,0.121803738,81.69115085,81.69115085,81.69115085,5071.428009,4943.691027,4895.240931,-41.18083014,-41.18083014,-41.18083014,0.228445023,0.227593622,0.227581193,100.0049975,100.0049975,100.0049975,134.6674902,135.4002907,135.7257971,0.990605799,0.990484839,0.990512834,0.935221764,0.934856253,0.934924518,2.334948999,2.338262678,2.330120984
133,-77.4692994,-77.4692994,-77.4692994,0.971010226,0.980548066,0.978073023,0.118407868,0.119465477,0.1190771,97.27076543,97.27076543,97.27076543,4626.269934,4507.713289,4535.205458,31.12810541,31.84729352,31.84729352,0.058996243,0.060305322,0.059955196,104.3400121,104.3400121,104.3400121,366.4014697,368.7418119,367.6495023,0.99746913,0.997415456,0.997428213,0.96960579,0.969192425,0.969298234,3.922061767,3.845245289,3.857932409
134,-71.24248357,-73.07348713,-73.07348713,0.934583281,0.933421912,0.94009736,0.109006896,0.108157388,0.108913112,78.41678169,79.74395059,79.74395059,5790.95791,5446.281546,5431.672173,11.76301148,10.54234243,11.15267696,0.131425801,0.135196282,0.132527561,81.04030784,81.04030784,81.04030784,143.6986214,145.3444811,144.7870988,0.993742895,0.993529356,0.993631232,0.948770748,0.947941626,0.948404789,3.34747545,3.290697138,3.308363328
136,-58.09136439,-58.09136439,-58.09136439,0.973138954,0.968496287,0.971730748,0.099337177,0.099548042,0.099439707,93.93936872,93.93936872,93.93936872,42649.27606,43021.2578,42816.63148,14.06368478,14.06368478,14.06368478,0.16311764,0.16192462,0.16250952,88.5924776,88.5924776,88.5924776,96.20743968,99.09787444,97.84353741,0.996718709,0.996733375,0.996724272,0.960707315,0.960738721,0.960686547,3.334121731,3.383449645,3.367448534
137,-63.17751043,-63.17751043,-63.17751043,0.875035523,0.878375385,0.877698381,0.126340184,0.126292291,0.126284003,78.97824281,78.97824281,78.97824281,7625.662852,7469.675663,7535.021132,-18.87696453,-18.87696453,-18.87696453,0.059489194,0.059616524,0.059663237,73.08789618,74.43548164,74.43548164,130.8483548,132.3946252,132.2395563,0.997485077,0.997471657,0.997476756,0.966040176,0.965901231,0.965942062,5.847639918,5.8443731,5.836544538
139,-53.77550512,-53.77550512,-53.77550512,0.923650041,0.925967169,0.924223984,0.097494431,0.09770264,0.097445211,105.3311939,105.3311939,105.3311939,9505.46637,9371.813606,9293.19562,32.59498501,32.59498501,32.59498501,0.073269979,0.072022592,0.072810348,106.7495077,106.7495077,106.7495077,313.2167832,312.9209553,313.0897564,0.997443871,0.997497927,0.997448164,0.967109961,0.967404302,0.967151007,3.558022207,3.598559581,3.546211151
140,-68.87989392,-68.87989392,-68.87989392,0.90363044,0.907882338,0.907130167,0.10695388,0.106974487,0.106907334,88.42385089,88.42385089,88.42385089,25933.2935,18124.80624,18196.80345,-5.39543473,-4.37149184,-5.39543473,0.142806012,0.14685391,0.146423979,103.3381695,103.3381695,103.3381695,90.05707902,92.54505406,91.68067057,0.996206456,0.995923623,0.995940768,0.959635455,0.958118858,0.95822227,3.911563651,3.497031245,3.502625586
141,-80.93708621,-80.93708621,-80.93708621,0.946507895,0.949782692,0.949645454,0.103192844,0.103288144,0.103261895,90.23991596,90.23991596,90.23991596,13782.6315,13199.18669,13872.0608,-34.3462644,-34.3462644,-34.3462644,0.119199288,0.127217006,0.119853294,91.45546752,91.45546752,91.45546752,318.0147097,319.0891456,318.321082,0.993666662,0.993190432,0.993643203,0.953732083,0.952189361,0.95367369,4.335394665,4.316604819,4.352144388
142,-82.6045441,-82.6045441,-82.6045441,0.954458123,0.955798745,0.955439792,0.080061072,0.079945382,0.079928727,94.57883984,94.57883984,94.57883984,1971.585178,1993.683509,1987.705306,29.81706284,29.81706284,29.81706284,0.062887236,0.063020374,0.063092306,100.2934457,100.2934457,100.2934457,211.8507246,213.5743545,212.6940428,0.996634183,0.996609834,0.996610771,0.962512584,0.962393738,0.96242063,3.547119543,3.562656001,3.557295621
143,-75.19987486,-75.19987486,-75.19987486,0.821212549,0.827660019,0.823907333,0.114950299,0.115298119,0.114776384,56.0981617,56.0981617,56.0981617,183.8896618,98.46460032,151.3181251,-47.43153029,-46.88705295,-47.43153029,0.12783671,0.133542466,0.130786179,65.77976376,65.77976376,65.77976376,92.45977528,94.95126197,93.06480249,0.986679432,0.986130504,0.986399147,0.923949839,0.922304452,0.923201583,2.658775665,2.587236524,2.616050244
145,-60.18538452,-60.18538452,-60.18538452,0.872784673,0.885734682,0.885495537,0.14205736,0.141849385,0.141783892,72.94409207,74.38172441,74.38172441,39527.75047,34230.1057,35391.22059,19.93323493,19.93323493,19.93323493,0.169870577,0.176804178,0.17583861,71.57020107,71.57020107,71.57020107,67.18307968,69.64831535,69.46089631,0.996784617,0.996410816,0.996448664,0.962467784,0.960306207,0.960506944,3.015162171,2.910984226,2.953969031
146,-63.95263507,-63.95263507,-63.95263507,0.91807684,0.915083095,0.913147761,0.112751115,0.112343474,0.1119399,96.85269226,96.85269226,96.85269226,1049.678434,1009.269811,1037.728297,-22.16837699,-22.16837699,-22.16837699,0.104555994,0.104791535,0.106391818,95.00526075,95.00526075,95.00526075,142.1647217,144.0241632,143.8910979,0.996150315,0.996103297,0.99606074,0.959391404,0.959112556,0.95895204,2.986513498,2.967725375,2.964101635
147,-73.53664769,-73.53664769,-73.53664769,0.99163399,0.992578927,0.992232846,0.087804642,0.087510153,0.087651676,103.0244522,103.0244522,103.0244522,354.5373515,804.7463794,296.5395738,61.81319821,64.52019513,61.81319821,0.073572037,0.072351874,0.074376463,101.3510822,101.3510822,101.3510822,157.7331042,160.4445711,159.3344688,0.996766728,0.996694272,0.99669301,0.962875701,0.962572982,0.962541404,4.11934239,4.180718265,4.114945201
149,-66.39581378,-66.39581378,-66.39581378,0.881203942,0.877549972,0.878534235,0.099355007,0.099927863,0.099393866,81.72175235,81.72175235,81.72175235,1624.398242,1610.523229,1634.73611,-12.34310471,-12.34310471,-12.34310471,0.053784728,0.053787633,0.053537641,91.88044452,91.88044452,91.88044452,195.6098146,200.0083961,195.5820013,0.996775464,0.996741958,0.996787993,0.960909754,0.960706311,0.96097721,3.256767344,3.295250984,3.277611457
151,-82.27164291,-82.27164291,-82.27164291,0.956562298,0.955434197,0.956331241,0.089947293,0.092939409,0.091579585,77.44711527,77.44711527,77.44711527,1523.214082,1556.467947,1572.568232,-8.521614431,-8.521614431,-9.146614673,0.062702634,0.065673197,0.064768439,81.5625,81.5625,81.5625,126.1901729,128.901429,127.3527662,0.995581972,0.995389438,0.995487969,0.959750891,0.958719185,0.959261457,4.326288021,4.213272004,4.275471413
152,-73.74525965,-73.74525965,-73.74525965,0.951846146,0.95496791,0.952325693,0.078032997,0.077693028,0.077600898,90.00555538,90.00555538,90.00555538,2792.368275,2665.179133,2735.99822,-4.293008968,-3.800439815,-3.800439815,0.128090673,0.136278345,0.134445325,95.63022862,95.63022862,95.63022862,97.68465826,99.02531646,98.09419656,0.993522051,0.991907503,0.992029802,0.944941708,0.93911555,0.93957811,3.359958652,3.283438009,3.297529633
